Date,Close
08-03-2016 15:30,24659.23
09-03-2016 15:30,24793.96
10-03-2016 15:30,24623.34
11-03-2016 15:30,24717.99
14-03-2016 15:30,24804.28
15-03-2016 15:30,24551.17
16-03-2016 15:30,24682.48
17-03-2016 15:30,24677.37
18-03-2016 15:30,24952.74
21-03-2016 15:30,25285.37
22-03-2016 15:30,25330.49
23-03-2016 15:30,25337.56
28-03-2016 15:30,24966.4
29-03-2016 15:30,24900.46
30-03-2016 15:30,25338.58
31-03-2016 15:30,25341.86
01-04-2016 15:30,25269.64
04-04-2016 15:30,25399.65
05-04-2016 15:30,24883.59
06-04-2016 15:30,24900.63
07-04-2016 15:30,24685.42
08-04-2016 15:30,24673.84
11-04-2016 15:30,25022.16
12-04-2016 15:30,25145.59
13-04-2016 15:30,25626.75
18-04-2016 15:30,25816.36
20-04-2016 15:30,25844.18
21-04-2016 15:30,25880.38
22-04-2016 15:30,25838.14
25-04-2016 15:30,25678.93
26-04-2016 15:30,26007.3
27-04-2016 15:30,26064.12
28-04-2016 15:30,25603.1
29-04-2016 15:30,25606.62
02-05-2016 15:30,25436.97
03-05-2016 15:30,25229.7
04-05-2016 15:30,25101.73
05-05-2016 15:30,25262.21
06-05-2016 15:30,25228.5
09-05-2016 15:30,25688.86
10-05-2016 15:30,25772.53
11-05-2016 15:30,25597.02
12-05-2016 15:30,25790.22
13-05-2016 15:30,25489.57
16-05-2016 15:30,25653.23
17-05-2016 15:30,25773.61
18-05-2016 15:30,25704.61
19-05-2016 15:30,25399.72
20-05-2016 15:30,25301.9
23-05-2016 15:30,25230.36
24-05-2016 15:30,25305.47
25-05-2016 15:30,25881.17
26-05-2016 15:30,26366.68
27-05-2016 15:30,26653.6
30-05-2016 15:30,26725.6
31-05-2016 15:30,26667.96
01-06-2016 15:30,26713.93
02-06-2016 15:30,26843.14
03-06-2016 15:30,26843.03
06-06-2016 15:30,26777.45
07-06-2016 15:30,27009.67
08-06-2016 15:30,27020.66
09-06-2016 15:30,26763.46
10-06-2016 15:30,26635.75
13-06-2016 15:30,26396.77
14-06-2016 15:30,26395.71
15-06-2016 15:30,26726.34
16-06-2016 15:30,26525.46
17-06-2016 15:30,26625.91
20-06-2016 15:30,26866.92
21-06-2016 15:30,26812.78
22-06-2016 15:30,26765.65
23-06-2016 15:30,27002.22
24-06-2016 15:30,26397.71
27-06-2016 15:30,26402.96
28-06-2016 15:30,26524.55
29-06-2016 15:30,26740.39
30-06-2016 15:30,26999.72
01-07-2016 15:30,27144.91
04-07-2016 15:30,27278.76
05-07-2016 15:30,27166.87
07-07-2016 15:30,27201.49
08-07-2016 15:30,27126.9
11-07-2016 15:30,27626.69
12-07-2016 15:30,27808.14
13-07-2016 15:30,27815.18
14-07-2016 15:30,27942.11
15-07-2016 15:30,27836.5
18-07-2016 15:30,27746.66
19-07-2016 15:30,27787.62
20-07-2016 15:30,27915.89
21-07-2016 15:30,27710.52
22-07-2016 15:30,27803.24
25-07-2016 15:30,28095.34
26-07-2016 15:30,27976.52
27-07-2016 15:30,28024.33
28-07-2016 15:30,28208.62
29-07-2016 15:30,28051.86
01-08-2016 15:30,28003.12
02-08-2016 15:30,27981.71
03-08-2016 15:30,27697.51
04-08-2016 15:30,27714.37
05-08-2016 15:30,28078.35
08-08-2016 15:30,28182.57
09-08-2016 15:30,28085.16
10-08-2016 15:30,27774.88
11-08-2016 15:30,27859.6
12-08-2016 15:30,28152.4
16-08-2016 15:30,28064.61
17-08-2016 15:30,28005.37
18-08-2016 15:30,28123.44
19-08-2016 15:30,28077
22-08-2016 15:30,27985.54
23-08-2016 15:30,27990.21
24-08-2016 15:30,28059.94
25-08-2016 15:30,27835.91
26-08-2016 15:30,27782.25
29-08-2016 15:30,27902.66
30-08-2016 15:30,28343.01
31-08-2016 15:30,28452.17
01-09-2016 15:30,28423.48
02-09-2016 15:30,28532.11
06-09-2016 15:30,28978.02
07-09-2016 15:30,28926.36
08-09-2016 15:30,29045.28
09-09-2016 15:30,28797.25
12-09-2016 15:30,28353.54
14-09-2016 15:30,28372.23
15-09-2016 15:30,28412.89
16-09-2016 15:30,28599.03
19-09-2016 15:30,28634.5
20-09-2016 15:30,28523.2
21-09-2016 15:30,28507.42
22-09-2016 15:30,28773.13
23-09-2016 15:30,28668.22
26-09-2016 15:30,28294.28
27-09-2016 15:30,28223.7
28-09-2016 15:30,28292.81
29-09-2016 15:30,27827.53
30-09-2016 15:30,27865.96
03-10-2016 15:30,28243.29
04-10-2016 15:30,28334.55
05-10-2016 15:30,28220.98
06-10-2016 15:30,28106.21
07-10-2016 15:30,28061.14
10-10-2016 15:30,28082.34
13-10-2016 15:30,27643.11
14-10-2016 15:30,27673.6
17-10-2016 15:30,27529.97
18-10-2016 15:30,28050.88
19-10-2016 15:30,27984.37
20-10-2016 15:30,28129.84
21-10-2016 15:30,28077.18
24-10-2016 15:30,28179.08
25-10-2016 15:30,28091.42
26-10-2016 15:30,27836.51
27-10-2016 15:30,27915.9
28-10-2016 15:30,27941.51
01-11-2016 15:30,27876.61
02-11-2016 15:30,27527.22
03-11-2016 15:30,27430.28
04-11-2016 15:30,27274.15
07-11-2016 15:30,27458.99
08-11-2016 15:30,27591.14
09-11-2016 15:30,27252.53
10-11-2016 15:30,27517.68
11-11-2016 15:30,26818.82
15-11-2016 15:30,26304.63
16-11-2016 15:30,26298.69
17-11-2016 15:30,26227.62
18-11-2016 15:30,26150.24
21-11-2016 15:30,25765.14
22-11-2016 15:30,25960.78
23-11-2016 15:30,26051.81
24-11-2016 15:30,25860.17
25-11-2016 15:30,26316.34
28-11-2016 15:30,26350.17
29-11-2016 15:30,26394.01
30-11-2016 15:30,26652.81
01-12-2016 15:30,26559.92
02-12-2016 15:30,26230.66
05-12-2016 15:30,26349.1
06-12-2016 15:30,26392.76
07-12-2016 15:30,26236.87
08-12-2016 15:30,26694.28
09-12-2016 15:30,26747.18
12-12-2016 15:30,26515.24
13-12-2016 15:30,26697.82
14-12-2016 15:30,26602.84
15-12-2016 15:30,26519.07
16-12-2016 15:30,26489.56
19-12-2016 15:30,26374.7
20-12-2016 15:30,26307.98
21-12-2016 15:30,26242.38
22-12-2016 15:30,25979.6
23-12-2016 15:30,26040.7
26-12-2016 15:30,25807.1
27-12-2016 15:30,26213.44
28-12-2016 15:30,26210.68
29-12-2016 15:30,26366.15
30-12-2016 15:30,26626.46
02-01-2017 15:30,26595.45
03-01-2017 15:30,26643.24
04-01-2017 15:30,26633.13
05-01-2017 15:30,26878.24
06-01-2017 15:30,26759.23
09-01-2017 15:30,26726.55
10-01-2017 15:30,26899.56
11-01-2017 15:30,27140.41
12-01-2017 15:30,27247.16
13-01-2017 15:30,27238.06
16-01-2017 15:30,27288.17
17-01-2017 15:30,27235.66
18-01-2017 15:30,27257.64
19-01-2017 15:30,27308.6
20-01-2017 15:30,27034.5
23-01-2017 15:30,27117.34
24-01-2017 15:30,27375.58
25-01-2017 15:30,27708.14
27-01-2017 15:30,27882.46
30-01-2017 15:30,27849.56
31-01-2017 15:30,27655.96
01-02-2017 15:30,28141.64
02-02-2017 15:30,28226.61
03-02-2017 15:30,28240.52
06-02-2017 15:30,28439.28
07-02-2017 15:30,28335.16
08-02-2017 15:30,28289.92
09-02-2017 15:30,28329.7
10-02-2017 15:30,28334.25
13-02-2017 15:30,28351.62
14-02-2017 15:30,28339.31
15-02-2017 15:30,28155.56
16-02-2017 15:30,28301.27
17-02-2017 15:30,28468.75
20-02-2017 15:30,28661.58
21-02-2017 15:30,28761.59
22-02-2017 15:30,28864.71
23-02-2017 15:30,28892.97
27-02-2017 15:30,28812.88
28-02-2017 15:30,28743.32
01-03-2017 15:30,28984.49
02-03-2017 15:30,28839.79
03-03-2017 15:30,28832.45
06-03-2017 15:30,29048.19
07-03-2017 15:30,28999.56
08-03-2017 15:30,28901.94
09-03-2017 15:30,28929.13
10-03-2017 15:30,28946.23
14-03-2017 15:30,29442.63
15-03-2017 15:30,29398.11
16-03-2017 15:30,29585.85
17-03-2017 15:30,29648.99
20-03-2017 15:30,29518.74
21-03-2017 15:30,29485.45
22-03-2017 15:30,29167.68
23-03-2017 15:30,29332.16
24-03-2017 15:30,29421.4
27-03-2017 15:30,29237.15
28-03-2017 15:30,29409.52
29-03-2017 15:30,29531.43
30-03-2017 15:30,29647.42
31-03-2017 15:30,29620.5
03-04-2017 15:30,29910.22
05-04-2017 15:30,29974.24
06-04-2017 15:30,29927.34
07-04-2017 15:30,29706.61
10-04-2017 15:30,29575.74
11-04-2017 15:30,29788.35
12-04-2017 15:30,29643.48
13-04-2017 15:30,29461.45
17-04-2017 15:30,29413.66
18-04-2017 15:30,29319.1
19-04-2017 15:30,29336.57
20-04-2017 15:30,29422.39
21-04-2017 15:30,29365.3
24-04-2017 15:30,29655.84
25-04-2017 15:30,29943.24
26-04-2017 15:30,30133.35
27-04-2017 15:30,30029.74
28-04-2017 15:30,29918.4
02-05-2017 15:30,29921.18
03-05-2017 15:30,29894.8
04-05-2017 15:30,30126.21
05-05-2017 15:30,29858.8
08-05-2017 15:30,29926.15
09-05-2017 15:30,29933.25
10-05-2017 15:30,30248.17
11-05-2017 15:30,30250.98
12-05-2017 15:30,30188.15
15-05-2017 15:30,30322.12
16-05-2017 15:30,30582.6
17-05-2017 15:30,30658.77
18-05-2017 15:30,30434.79
19-05-2017 15:30,30464.92
22-05-2017 15:30,30570.97
23-05-2017 15:30,30365.25
24-05-2017 15:30,30301.64
25-05-2017 15:30,30750.03
26-05-2017 15:30,31028.21
29-05-2017 15:30,31109.28
30-05-2017 15:30,31159.4
31-05-2017 15:30,31145.8
01-06-2017 15:30,31137.59
02-06-2017 15:30,31273.29
05-06-2017 15:30,31309.49
06-06-2017 15:30,31190.56
07-06-2017 15:30,31271.28
08-06-2017 15:30,31213.36
09-06-2017 15:30,31262.06
12-06-2017 15:30,31095.7
13-06-2017 15:30,31103.49
14-06-2017 15:30,31155.91
15-06-2017 15:30,31075.73
16-06-2017 15:30,31056.4
19-06-2017 15:30,31311.57
20-06-2017 15:30,31297.53
21-06-2017 15:30,31283.64
22-06-2017 15:30,31290.74
23-06-2017 15:30,31138.21
27-06-2017 15:30,30958.25
28-06-2017 15:30,30834.32
29-06-2017 15:30,30857.52
30-06-2017 15:30,30921.61
03-07-2017 15:30,31221.62
04-07-2017 15:30,31209.79
05-07-2017 15:30,31245.56
06-07-2017 15:30,31369.34
07-07-2017 15:30,31360.63
10-07-2017 15:30,31715.64
11-07-2017 15:30,31747.09
12-07-2017 15:30,31804.82
13-07-2017 15:30,32037.38
14-07-2017 15:30,32020.75
17-07-2017 15:30,32074.78
18-07-2017 15:30,31710.99
19-07-2017 15:30,31955.35
20-07-2017 15:30,31904.4
21-07-2017 15:30,32028.89
24-07-2017 15:30,32245.87
25-07-2017 15:30,32228.27
26-07-2017 15:30,32382.46
27-07-2017 15:30,32383.3
28-07-2017 15:30,32309.88
31-07-2017 15:30,32514.94
01-08-2017 15:30,32575.17
02-08-2017 15:30,32476.74
03-08-2017 15:30,32237.88
04-08-2017 15:30,32325.41
07-08-2017 15:30,32273.67
08-08-2017 15:30,32014.19
09-08-2017 15:30,31797.84
10-08-2017 15:30,31531.33
11-08-2017 15:30,31213.59
14-08-2017 15:30,31449.03
16-08-2017 15:30,31770.89
17-08-2017 15:30,31795.46
18-08-2017 15:30,31524.68
21-08-2017 15:30,31258.85
22-08-2017 15:30,31291.85
23-08-2017 15:30,31568.01
24-08-2017 15:30,31596.06
28-08-2017 15:30,31750.82
29-08-2017 15:30,31388.39
30-08-2017 15:30,31646.46
31-08-2017 15:30,31730.49
01-09-2017 15:30,31892.23
04-09-2017 15:30,31702.25
05-09-2017 15:30,31809.55
06-09-2017 15:30,31661.97
07-09-2017 15:30,31662.74
08-09-2017 15:30,31687.52
11-09-2017 15:30,31882.16
12-09-2017 15:30,32158.66
13-09-2017 15:30,32186.41
14-09-2017 15:30,32241.93
15-09-2017 15:30,32272.61
18-09-2017 15:30,32423.76
19-09-2017 15:30,32402.37
20-09-2017 15:30,32400.51
21-09-2017 15:30,32370.04
22-09-2017 15:30,31922.44
25-09-2017 15:30,31626.63
26-09-2017 15:30,31599.76
27-09-2017 15:30,31159.81
28-09-2017 15:30,31282.48
29-09-2017 15:30,31283.72
03-10-2017 15:30,31497.38
04-10-2017 15:30,31671.71
05-10-2017 15:30,31592.03
06-10-2017 15:30,31814.22
09-10-2017 15:30,31846.89
10-10-2017 15:30,31924.41
11-10-2017 15:30,31833.99
12-10-2017 15:30,32182.22
13-10-2017 15:30,32432.69
16-10-2017 15:30,32633.64
17-10-2017 20:00,32609.16
18-10-2017 15:30,32584.35
19-10-2017 20:00,32330.11
23-10-2017 15:30,32506.72
24-10-2017 15:30,32607.34
25-10-2017 15:30,33042.5
26-10-2017 15:30,33147.13
27-10-2017 15:30,33157.22
30-10-2017 15:30,33266.16
31-10-2017 15:30,33213.13
01-11-2017 15:30,33600.27
02-11-2017 15:30,33573.22
03-11-2017 15:30,33685.56
06-11-2017 15:30,33731.19
07-11-2017 15:30,33370.76
08-11-2017 15:30,33218.81
09-11-2017 15:30,33250.93
10-11-2017 15:30,33314.56
13-11-2017 15:30,33033.56
14-11-2017 15:30,32941.87
15-11-2017 15:30,32760.44
16-11-2017 15:30,33106.82
17-11-2017 15:30,33342.8
20-11-2017 15:30,33359.9
21-11-2017 15:30,33478.35
22-11-2017 15:30,33561.55
23-11-2017 15:30,33588.08
24-11-2017 15:30,33679.24
27-11-2017 15:30,33724.44
28-11-2017 15:30,33618.59
29-11-2017 15:30,33602.76
30-11-2017 15:30,33149.35
01-12-2017 15:30,32832.94
04-12-2017 15:30,32869.72
05-12-2017 15:30,32802.44
06-12-2017 15:30,32597.18
07-12-2017 15:30,32949.21
08-12-2017 15:30,33250.3
11-12-2017 15:30,33455.79
12-12-2017 15:30,33227.99
13-12-2017 15:30,33053.04
14-12-2017 15:30,33246.7
15-12-2017 15:30,33462.97
18-12-2017 15:30,33601.68
19-12-2017 15:30,33836.74
20-12-2017 15:30,33777.38
21-12-2017 15:30,33756.28
22-12-2017 15:30,33940.3
26-12-2017 15:30,34010.61
27-12-2017 15:30,33911.81
28-12-2017 15:30,33848.03
29-12-2017 15:30,34056.83
01-01-2018 15:30,33812.75
02-01-2018 15:30,33812.26
03-01-2018 15:30,33793.38
04-01-2018 15:30,33969.64
05-01-2018 15:30,34153.85
08-01-2018 15:30,34352.79
09-01-2018 15:30,34443.19
10-01-2018 15:30,34433.07
11-01-2018 15:30,34503.49
12-01-2018 15:30,34592.39
15-01-2018 15:30,34843.51
16-01-2018 15:30,34771.05
17-01-2018 15:30,35081.82
18-01-2018 15:30,35260.29
19-01-2018 15:30,35511.58
22-01-2018 15:30,35798.01
23-01-2018 15:30,36139.98
24-01-2018 15:30,36161.64
25-01-2018 15:30,36050.44
29-01-2018 15:30,36283.25
30-01-2018 15:30,36033.73
31-01-2018 15:30,35965.02
01-02-2018 15:30,35906.66
02-02-2018 15:30,35066.75
05-02-2018 15:30,34757.16
06-02-2018 15:30,34195.94
07-02-2018 15:30,34082.71
08-02-2018 15:30,34413.16
09-02-2018 15:30,34005.76
12-02-2018 15:30,34300.47
14-02-2018 15:30,34155.95
15-02-2018 15:30,34297.47
16-02-2018 15:30,34010.76
19-02-2018 15:30,33774.66
20-02-2018 15:30,33703.59
21-02-2018 15:30,33844.86
22-02-2018 15:30,33819.5
23-02-2018 15:30,34142.15
26-02-2018 15:30,34445.75
27-02-2018 15:30,34346.39
28-02-2018 15:30,34184.04
01-03-2018 15:30,34046.94
05-03-2018 15:30,33746.78
06-03-2018 15:30,33317.2
07-03-2018 15:30,33033.09
08-03-2018 15:30,33351.57
09-03-2018 15:30,33307.14
12-03-2018 15:30,33917.94
13-03-2018 15:30,33856.78
14-03-2018 15:30,33835.74
15-03-2018 15:30,33685.54
16-03-2018 15:30,33176
19-03-2018 15:30,32923.12
20-03-2018 15:30,32996.76
21-03-2018 15:30,33136.18
22-03-2018 15:30,33006.27
23-03-2018 15:30,32596.54
26-03-2018 15:30,33066.41
27-03-2018 15:30,33174.39
28-03-2018 15:30,32968.68
02-04-2018 15:30,33255.36
03-04-2018 15:30,33370.63
04-04-2018 15:30,33019.07
05-04-2018 15:30,33596.8
06-04-2018 15:30,33626.97
09-04-2018 15:30,33788.54
10-04-2018 15:30,33880.25
11-04-2018 15:30,33940.44
12-04-2018 15:30,34101.13
13-04-2018 15:30,34192.65
16-04-2018 15:30,34305.43
17-04-2018 15:30,34395.06
18-04-2018 19:00,34331.68
19-04-2018 15:30,34427.29
20-04-2018 15:30,34415.58
23-04-2018 15:30,34450.77
24-04-2018 15:30,34616.64
25-04-2018 15:30,34501.27
26-04-2018 15:30,34713.6
27-04-2018 15:30,34969.7
30-04-2018 15:30,35160.36
02-05-2018 15:30,35176.42
03-05-2018 15:30,35103.14
04-05-2018 15:30,34915.38
07-05-2018 15:30,35208.14
08-05-2018 15:30,35216.32
09-05-2018 15:30,35319.35
10-05-2018 15:30,35246.27
11-05-2018 15:30,35535.79
14-05-2018 15:30,35556.71
15-05-2018 15:30,35543.94
16-05-2018 15:30,35387.88
17-05-2018 15:30,35149.12
18-05-2018 15:30,34848.3
21-05-2018 15:30,34616.13
22-05-2018 15:30,34651.24
23-05-2018 15:30,34344.91
24-05-2018 15:30,34663.11
25-05-2018 15:30,34924.87
28-05-2018 15:30,35165.48
29-05-2018 15:30,34949.24
30-05-2018 15:30,34906.11
31-05-2018 15:30,35322.38
01-06-2018 15:30,35227.26
04-06-2018 15:30,35011.89
05-06-2018 15:30,34903.21
06-06-2018 15:30,35178.88
07-06-2018 15:30,35463.08
08-06-2018 15:30,35443.67
11-06-2018 15:30,35483.47
12-06-2018 15:30,35692.52
13-06-2018 15:30,35739.16
14-06-2018 15:30,35599.82
15-06-2018 15:30,35622.14
18-06-2018 15:30,35548.26
19-06-2018 15:30,35286.74
20-06-2018 15:30,35547.33
21-06-2018 15:30,35432.39
22-06-2018 15:30,35689.6
25-06-2018 15:30,35470.35
26-06-2018 15:30,35490.04
27-06-2018 15:30,35217.11
28-06-2018 15:30,35037.64
29-06-2018 15:30,35423.48
02-07-2018 15:30,35264.41
03-07-2018 15:30,35378.6
04-07-2018 15:30,35645.4
05-07-2018 15:30,35574.55
06-07-2018 15:30,35657.86
09-07-2018 15:30,35934.72
10-07-2018 15:30,36239.62
11-07-2018 15:30,36265.93
12-07-2018 15:30,36548.41
13-07-2018 15:30,36541.63
16-07-2018 15:30,36323.77
17-07-2018 15:30,36519.96
18-07-2018 15:30,36373.44
19-07-2018 15:30,36351.23
20-07-2018 15:30,36496.37
23-07-2018 15:30,36718.6
24-07-2018 15:30,36825.1
25-07-2018 15:30,36858.23
26-07-2018 15:30,36984.64
27-07-2018 15:30,37336.85
30-07-2018 15:30,37494.4
31-07-2018 15:30,37606.58
01-08-2018 15:30,37521.62
02-08-2018 15:30,37165.16
03-08-2018 15:30,37556.16
06-08-2018 15:30,37691.89
07-08-2018 15:30,37665.8
08-08-2018 15:30,37887.56
09-08-2018 15:30,38024.37
10-08-2018 15:30,37869.23
13-08-2018 15:30,37644.9
14-08-2018 15:30,37852
16-08-2018 15:30,37663.56
17-08-2018 15:30,37947.88
20-08-2018 15:30,38278.75
21-08-2018 15:30,38285.75
23-08-2018 15:30,38336.76
24-08-2018 15:30,38251.8
27-08-2018 15:30,38694.11
28-08-2018 15:30,38896.63
29-08-2018 15:30,38722.93
30-08-2018 15:30,38690.1
31-08-2018 15:30,38645.07
03-09-2018 15:30,38312.52
04-09-2018 15:30,38157.92
05-09-2018 15:30,38018.31
06-09-2018 15:30,38242.81
07-09-2018 15:30,38389.82
10-09-2018 15:30,37922.17
11-09-2018 15:30,37413.13
12-09-2018 15:30,37717.96
14-09-2018 15:30,38090.64
17-09-2018 15:30,37585.51
18-09-2018 15:30,37290.67
19-09-2018 15:30,37121.22
21-09-2018 15:30,36841.6
24-09-2018 15:30,36305.02
25-09-2018 15:30,36652.06
26-09-2018 15:30,36542.27
27-09-2018 15:30,36324.17
28-09-2018 15:30,36227.14
01-10-2018 15:30,36526.14
03-10-2018 15:30,35975.63
04-10-2018 15:30,35169.16
05-10-2018 15:30,34376.99
08-10-2018 15:30,34474.38
09-10-2018 15:30,34299.47
10-10-2018 15:30,34760.89
11-10-2018 15:30,34001.15
12-10-2018 15:30,34733.58
15-10-2018 15:30,34865.1
16-10-2018 15:30,35162.48
17-10-2018 15:30,34779.58
19-10-2018 15:30,34315.63
22-10-2018 15:30,34134.38
23-10-2018 15:30,33847.23
24-10-2018 15:30,34033.96
25-10-2018 15:30,33690.09
26-10-2018 15:30,33349.31
29-10-2018 15:30,34067.4
30-10-2018 15:30,33891.13
31-10-2018 15:30,34442.05
01-11-2018 15:30,34431.97
02-11-2018 15:30,35011.65
05-11-2018 19:00,34950.92
06-11-2018 15:30,34991.91
09-11-2018 15:30,35158.55
12-11-2018 15:30,34812.99
13-11-2018 15:30,35144.49
14-11-2018 15:30,35106.39
15-11-2018 15:30,35260.54
16-11-2018 15:30,35457.16
19-11-2018 15:30,35774.88
20-11-2018 15:30,35474.51
21-11-2018 15:30,35199.8
22-11-2018 15:30,34981.02
26-11-2018 15:30,35354.08
27-11-2018 15:30,35513.14
28-11-2018 15:30,35716.95
29-11-2018 15:30,36170.41
30-11-2018 15:30,36194.3
03-12-2018 15:30,36241
04-12-2018 15:30,36134.31
05-12-2018 15:30,35884.41
06-12-2018 15:30,35312.13
07-12-2018 15:30,35673.25
10-12-2018 15:30,34959.72
11-12-2018 15:30,35150.01
12-12-2018 15:30,35779.07
13-12-2018 15:30,35929.64
14-12-2018 15:30,35962.93
17-12-2018 15:30,36270.07
18-12-2018 15:30,36347.08
19-12-2018 15:30,36484.33
20-12-2018 15:30,36431.67
21-12-2018 15:30,35742.07
24-12-2018 15:30,35470.15
26-12-2018 15:30,35649.94
27-12-2018 15:30,35807.28
28-12-2018 15:30,36076.72
31-12-2018 15:30,36068.33
01-01-2019 15:30,36254.57
02-01-2019 15:30,35891.52
03-01-2019 15:30,35513.71
04-01-2019 15:30,35695.1
07-01-2019 15:30,35850.16
08-01-2019 15:30,35980.93
09-01-2019 15:30,36212.91
10-01-2019 15:30,36106.5
11-01-2019 15:30,36009.84
14-01-2019 15:30,35853.56
15-01-2019 15:30,36318.33
16-01-2019 15:30,36321.29
17-01-2019 15:30,36374.08
18-01-2019 15:30,36386.61
21-01-2019 15:30,36578.96
22-01-2019 15:30,36444.64
23-01-2019 15:30,36108.47
24-01-2019 15:30,36202.31
25-01-2019 15:30,36025.54
28-01-2019 15:30,35656.7
29-01-2019 15:30,35592.5
30-01-2019 15:30,35591.25
31-01-2019 15:30,36256.69
01-02-2019 15:30,36469.43
04-02-2019 15:30,36582.74
05-02-2019 15:30,36616.81
06-02-2019 15:30,36975.23
07-02-2019 15:30,36971.09
08-02-2019 15:30,36546.48
11-02-2019 15:30,36395.03
12-02-2019 15:30,36153.62
14-02-2019 15:30,35876.22
15-02-2019 15:30,35808.95
18-02-2019 15:30,35498.44
19-02-2019 15:30,35352.61
20-02-2019 15:30,35756.26
21-02-2019 15:30,35898.35
22-02-2019 15:30,35871.48
25-02-2019 15:30,36213.38
26-02-2019 15:30,35973.71
27-02-2019 15:30,35905.43
28-02-2019 15:30,35867.44
01-03-2019 15:30,36063.81
05-03-2019 15:30,36442.54
06-03-2019 15:30,36636.1
07-03-2019 15:30,36725.42
08-03-2019 15:30,36671.43
11-03-2019 15:30,37054.1
12-03-2019 15:30,37535.66
13-03-2019 15:30,37752.17
14-03-2019 15:30,37754.89
15-03-2019 15:30,38024.32
18-03-2019 15:30,38095.07
19-03-2019 15:30,38363.47
20-03-2019 15:30,38386.75
22-03-2019 15:30,38164.61
25-03-2019 15:30,37808.91
26-03-2019 15:30,38233.41
27-03-2019 15:30,38132.88
28-03-2019 15:30,38545.72
29-03-2019 15:30,38672.91
01-04-2019 15:30,38871.87
02-04-2019 15:30,39056.65
03-04-2019 15:30,38877.12
04-04-2019 15:30,38684.72
05-04-2019 15:30,38862.23
08-04-2019 15:30,38700.53
09-04-2019 15:30,38939.22
10-04-2019 15:30,38585.35
11-04-2019 15:30,38607.01
12-04-2019 15:30,38767.11
15-04-2019 15:30,38905.84
16-04-2019 15:30,39275.64
18-04-2019 15:30,39140.28
22-04-2019 15:30,38645.18
23-04-2019 15:30,38564.88
24-04-2019 15:30,39054.68
25-04-2019 15:30,38730.86
26-04-2019 15:30,39067.33
30-04-2019 15:30,39031.55
02-05-2019 15:30,38981.43
03-05-2019 15:30,38963.26
06-05-2019 15:30,38600.34
07-05-2019 19:00,38276.63
08-05-2019 15:30,37789.13
09-05-2019 15:30,37558.91
10-05-2019 15:30,37462.99
13-05-2019 15:30,37090.82
14-05-2019 15:30,37318.53
15-05-2019 15:30,37114.88
16-05-2019 15:30,37393.48
17-05-2019 15:30,37930.77
20-05-2019 15:30,39352.67
21-05-2019 15:30,38969.8
22-05-2019 15:30,39110.21
23-05-2019 15:30,38811.39
24-05-2019 15:30,39434.72
27-05-2019 15:30,39683.29
28-05-2019 15:30,39749.73
29-05-2019 15:30,39502.05
30-05-2019 15:30,39831.97
31-05-2019 15:30,39714.2
03-06-2019 15:30,40267.62
04-06-2019 15:30,40083.54
06-06-2019 15:30,39529.72
07-06-2019 15:30,39615.9
10-06-2019 15:30,39784.52
11-06-2019 15:30,39950.46
12-06-2019 15:30,39756.81
13-06-2019 15:30,39741.36
14-06-2019 15:30,39452.07
17-06-2019 15:30,38960.79
18-06-2019 15:30,39046.34
19-06-2019 15:30,39112.74
20-06-2019 15:30,39601.63
21-06-2019 15:30,39194.49
24-06-2019 15:30,39122.96
25-06-2019 15:30,39434.94
26-06-2019 15:30,39592.08
27-06-2019 15:30,39586.41
28-06-2019 15:30,39394.64
01-07-2019 15:30,39686.5
02-07-2019 15:30,39816.48
03-07-2019 15:30,39839.25
04-07-2019 15:30,39908.06
05-07-2019 15:30,39513.39
08-07-2019 15:30,38720.57
09-07-2019 15:30,38730.82
10-07-2019 15:30,38557.04
11-07-2019 15:30,38823.11
12-07-2019 15:30,38736.23
15-07-2019 15:30,38896.71
16-07-2019 15:30,39131.04
17-07-2019 15:30,39215.64
18-07-2019 15:30,38897.46
19-07-2019 15:30,38337.01
22-07-2019 15:30,38031.13
23-07-2019 15:30,37982.74
24-07-2019 15:30,37847.65
25-07-2019 15:30,37830.98
26-07-2019 15:30,37882.79
29-07-2019 15:30,37686.37
30-07-2019 15:30,37397.24
31-07-2019 15:30,37481.12
01-08-2019 15:30,37018.32
02-08-2019 15:30,37118.22
05-08-2019 15:30,36699.84
06-08-2019 15:30,36976.85
07-08-2019 15:30,36690.5
08-08-2019 15:30,37327.36
09-08-2019 15:30,37581.91
13-08-2019 15:30,36958.16
14-08-2019 15:30,37311.53
16-08-2019 15:30,37350.33
19-08-2019 15:30,37402.49
20-08-2019 15:30,37328.01
21-08-2019 15:30,37060.37
22-08-2019 15:30,36472.93
23-08-2019 15:30,36701.16
26-08-2019 15:30,37494.12
27-08-2019 15:30,37641.27
28-08-2019 15:30,37451.84
29-08-2019 15:30,37068.93
30-08-2019 15:30,37332.79
03-09-2019 15:30,36562.91
04-09-2019 15:30,36724.74
05-09-2019 15:30,36644.42
06-09-2019 15:30,36981.77
09-09-2019 15:30,37145.45
11-09-2019 15:30,37270.82
12-09-2019 15:30,37104.28
13-09-2019 15:30,37384.99
16-09-2019 15:30,37123.31
17-09-2019 15:30,36481.09
18-09-2019 15:30,36563.88
19-09-2019 15:30,36093.47
20-09-2019 15:30,38014.62
23-09-2019 15:30,39090.03
24-09-2019 15:30,39097.14
25-09-2019 15:30,38593.52
26-09-2019 15:30,38989.74
27-09-2019 15:30,38822.57
30-09-2019 15:30,38667.33
01-10-2019 15:30,38305.41
03-10-2019 15:30,38106.87
04-10-2019 15:30,37673.31
07-10-2019 15:30,37531.98
09-10-2019 15:30,38177.95
10-10-2019 15:30,37880.4
11-10-2019 15:30,38127.08
14-10-2019 15:30,38214.47
15-10-2019 15:30,38506.09
16-10-2019 15:30,38598.99
17-10-2019 15:30,39052.06
18-10-2019 15:30,39298.38
22-10-2019 15:30,38963.84
23-10-2019 15:30,39058.83
24-10-2019 15:30,39020.39
25-10-2019 19:00,39058.06
27-10-2019 19:45,39268.39
29-10-2019 15:30,39831.84
30-10-2019 15:30,40051.87
31-10-2019 15:30,40129.05
01-11-2019 15:30,40165.03
04-11-2019 15:30,40301.96
05-11-2019 15:30,40248.23
06-11-2019 15:30,40469.78
07-11-2019 15:30,40653.74
08-11-2019 15:30,40323.61
11-11-2019 15:30,40345.08
13-11-2019 15:30,40116.06
14-11-2019 15:30,40286.48
15-11-2019 15:30,40356.69
18-11-2019 15:30,40284.19
19-11-2019 15:30,40469.7
20-11-2019 15:30,40651.64
21-11-2019 15:30,40575.17
22-11-2019 15:30,40359.41
25-11-2019 15:30,40889.23
26-11-2019 15:30,40821.3
27-11-2019 15:30,41020.61
28-11-2019 15:30,41130.17
29-11-2019 15:30,40793.81
02-12-2019 15:30,40802.17
03-12-2019 15:30,40675.45
04-12-2019 15:30,40850.29
05-12-2019 15:30,40779.59
06-12-2019 15:30,40445.15
09-12-2019 15:30,40487.43
10-12-2019 15:30,40239.88
11-12-2019 15:30,40412.57
12-12-2019 15:30,40581.71
13-12-2019 15:30,41009.71
16-12-2019 15:30,40938.72
17-12-2019 15:30,41352.17
18-12-2019 15:30,41558.57
19-12-2019 15:30,41673.92
20-12-2019 15:30,41681.54
23-12-2019 15:30,41642.66
24-12-2019 15:30,41461.26
26-12-2019 15:30,41163.76
27-12-2019 15:30,41575.14
30-12-2019 15:30,41558
31-12-2019 15:30,41253.74
01-01-2020 15:30,41306.02
02-01-2020 15:30,41626.64
03-01-2020 15:30,41464.61
06-01-2020 15:30,40676.63
07-01-2020 15:30,40869.47
08-01-2020 15:30,40817.74
09-01-2020 15:30,41452.35
10-01-2020 15:30,41599.72
13-01-2020 15:30,41859.69
14-01-2020 15:30,41952.63
15-01-2020 15:30,41872.73
16-01-2020 15:30,41932.56
17-01-2020 15:30,41945.37
20-01-2020 15:30,41528.91
21-01-2020 15:30,41323.81
22-01-2020 15:30,41115.38
23-01-2020 15:30,41386.4
24-01-2020 15:30,41613.19
27-01-2020 15:30,41155.12
28-01-2020 15:30,40966.86
29-01-2020 15:30,41198.66
30-01-2020 15:30,40913.82
31-01-2020 15:30,40723.49
01-02-2020 17:00,39735.53
03-02-2020 15:30,39872.31
04-02-2020 15:30,40789.38
05-02-2020 15:30,41142.66
06-02-2020 15:30,41306.03
07-02-2020 15:30,41141.85
10-02-2020 15:30,40979.62
11-02-2020 15:30,41216.14
12-02-2020 15:30,41565.9
13-02-2020 15:30,41459.79
14-02-2020 15:30,41257.74
17-02-2020 15:30,41055.69
18-02-2020 15:30,40894.38
19-02-2020 15:30,41323
20-02-2020 15:30,41170.12
24-02-2020 15:30,40363.23
25-02-2020 15:30,40281.2
26-02-2020 15:30,39888.96
27-02-2020 15:30,39745.66
28-02-2020 15:30,38297.29
02-03-2020 15:30,38144.02
03-03-2020 15:30,38623.7
04-03-2020 15:30,38409.48
05-03-2020 15:30,38470.61
06-03-2020 15:30,37576.62
09-03-2020 15:30,35634.95
11-03-2020 15:30,35697.4
12-03-2020 15:30,32778.14
13-03-2020 15:30,34103.48
16-03-2020 15:30,31390.07
17-03-2020 15:30,30579.09
18-03-2020 15:30,28869.51
19-03-2020 15:30,28288.23
20-03-2020 15:30,29915.96
23-03-2020 15:30,25981.24
24-03-2020 15:30,26674.03
25-03-2020 15:30,28535.78
26-03-2020 15:30,29946.77
27-03-2020 15:30,29815.59
30-03-2020 15:30,28440.32
31-03-2020 15:30,29468.49
01-04-2020 15:30,28265.31
03-04-2020 15:30,27590.95
07-04-2020 15:30,30067.21
08-04-2020 15:30,29893.96
09-04-2020 15:30,31159.62
13-04-2020 15:30,30690.02
15-04-2020 15:30,30379.81
16-04-2020 15:30,30602.61
17-04-2020 15:30,31588.72
20-04-2020 15:30,31648
21-04-2020 15:30,30636.71
22-04-2020 15:30,31379.55
23-04-2020 15:30,31863.08
24-04-2020 15:30,31327.22
27-04-2020 15:30,31743.08
28-04-2020 15:30,32114.52
29-04-2020 15:30,32720.16
30-04-2020 15:30,33717.62
04-05-2020 15:30,31715.35
05-05-2020 15:30,31453.51
06-05-2020 15:30,31685.75
07-05-2020 15:30,31443.38
08-05-2020 15:30,31642.7
11-05-2020 15:30,31561.22
12-05-2020 15:30,31371.12
13-05-2020 15:30,32008.61
14-05-2020 15:30,31122.89
15-05-2020 15:30,31097.73
18-05-2020 15:30,30028.98
19-05-2020 15:30,30196.17
20-05-2020 15:30,30818.61
21-05-2020 15:30,30932.9
22-05-2020 15:30,30672.59
26-05-2020 15:30,30609.3
27-05-2020 15:30,31605.22
28-05-2020 15:30,32200.59
29-05-2020 15:30,32424.1
01-06-2020 15:30,33303.52
02-06-2020 15:30,33825.53
03-06-2020 15:30,34109.54
04-06-2020 15:30,33980.7
05-06-2020 15:30,34287.24
08-06-2020 15:30,34370.58
09-06-2020 15:30,33956.69
10-06-2020 15:30,34247.05
11-06-2020 15:30,33538.37
12-06-2020 15:30,33780.89
15-06-2020 15:30,33228.8
16-06-2020 15:30,33605.22
17-06-2020 15:30,33507.92
18-06-2020 15:30,34208.05
19-06-2020 15:30,34731.73
22-06-2020 15:30,34911.32
23-06-2020 15:30,35430.43
24-06-2020 15:30,34868.98
25-06-2020 15:30,34842.1
26-06-2020 15:30,35171.27
29-06-2020 15:30,34961.52
30-06-2020 15:30,34915.8
01-07-2020 15:30,35414.45
02-07-2020 15:30,35843.7
03-07-2020 15:30,36021.42
06-07-2020 15:30,36487.28
07-07-2020 15:30,36674.52
08-07-2020 15:30,36329.01
09-07-2020 15:30,36737.69
10-07-2020 15:30,36594.33
13-07-2020 15:30,36693.69
14-07-2020 15:30,36033.06
15-07-2020 15:30,36051.81
16-07-2020 15:30,36471.68
17-07-2020 15:30,37020.14
20-07-2020 15:30,37418.99
21-07-2020 15:30,37930.33
22-07-2020 15:30,37871.52
23-07-2020 15:30,38140.47
24-07-2020 15:30,38128.9
27-07-2020 15:30,37934.73
28-07-2020 15:30,38492.95
29-07-2020 15:30,38071.13
30-07-2020 15:30,37736.07
31-07-2020 15:30,37606.89
03-08-2020 15:30,36939.6
04-08-2020 15:30,37687.91
05-08-2020 15:30,37663.33
06-08-2020 15:30,38025.45
07-08-2020 15:30,38040.57
10-08-2020 15:30,38182.08
11-08-2020 15:30,38407.01
12-08-2020 15:30,38369.63
13-08-2020 15:30,38310.49
14-08-2020 15:30,37877.34
17-08-2020 15:30,38050.78
18-08-2020 15:30,38528.32
19-08-2020 15:30,38614.79
20-08-2020 15:30,38220.39
21-08-2020 15:30,38434.72
24-08-2020 15:30,38818.57
25-08-2020 15:30,38843.88
26-08-2020 15:30,39073.92
27-08-2020 15:30,39113.47
28-08-2020 15:30,39467.31
31-08-2020 15:30,38628.29
01-09-2020 15:30,38900.8
02-09-2020 15:30,39086.03
03-09-2020 15:30,38990.94
04-09-2020 15:30,38357.18
07-09-2020 15:30,38507.48
08-09-2020 15:30,38365.35
09-09-2020 15:30,38193.92
10-09-2020 15:30,38840.32
11-09-2020 15:30,38854.55
14-09-2020 15:30,38756.63
15-09-2020 15:30,39044.35
16-09-2020 15:30,39302.85
17-09-2020 15:30,38979.85
18-09-2020 15:30,38845.82
21-09-2020 15:30,38034.14
22-09-2020 15:30,37734.08
23-09-2020 15:30,37668.42
24-09-2020 15:30,36553.6
25-09-2020 15:30,37388.66
28-09-2020 15:30,37981.63
29-09-2020 15:30,37973.22
30-09-2020 15:30,38067.93
01-10-2020 15:30,38697.05
05-10-2020 15:30,38973.7
06-10-2020 15:30,39574.57
07-10-2020 15:30,39878.95
08-10-2020 15:30,40182.67
09-10-2020 15:30,40509.49
12-10-2020 15:30,40593.8
13-10-2020 15:30,40625.51
14-10-2020 15:30,40794.74
15-10-2020 15:30,39728.41
16-10-2020 15:30,39982.98
19-10-2020 15:30,40431.6
20-10-2020 15:30,40544.37
21-10-2020 15:30,40707.31
22-10-2020 15:30,40558.49
23-10-2020 15:30,40685.5
26-10-2020 15:30,40145.5
27-10-2020 15:30,40522.1
28-10-2020 15:30,39922.46
29-10-2020 15:30,39749.85
30-10-2020 15:30,39614.07
02-11-2020 15:30,39757.58
03-11-2020 15:30,40261.13
04-11-2020 15:30,40616.14
05-11-2020 15:30,41340.16
06-11-2020 15:30,41893.06
09-11-2020 15:30,42597.43
10-11-2020 15:30,43277.65
11-11-2020 15:30,43593.67
12-11-2020 15:30,43357.19
13-11-2020 15:30,43443
17-11-2020 15:30,43952.71
18-11-2020 15:30,44180.05
19-11-2020 15:30,43599.96
20-11-2020 15:30,43882.25
23-11-2020 15:30,44077.15
24-11-2020 15:30,44523.02
25-11-2020 15:30,43828.1
26-11-2020 15:30,44259.74
27-11-2020 15:30,44149.72
01-12-2020 15:30,44655.44
02-12-2020 15:30,44618.04
03-12-2020 15:30,44632.65
04-12-2020 15:30,45079.55
07-12-2020 15:30,45426.97
08-12-2020 15:30,45608.51
09-12-2020 15:30,46103.5
10-12-2020 15:30,45959.88
11-12-2020 15:30,46099.01
14-12-2020 15:30,46253.46
15-12-2020 15:30,46263.17
16-12-2020 15:30,46666.46
17-12-2020 15:30,46890.34
18-12-2020 15:30,46960.69
21-12-2020 15:30,45553.96
22-12-2020 15:30,46006.69
23-12-2020 15:30,46444.18
24-12-2020 15:30,46973.54
28-12-2020 15:30,47353.75
29-12-2020 15:30,47613.08
30-12-2020 15:30,47746.22
31-12-2020 15:30,47751.33
01-01-2021 15:30,47868.98
04-01-2021 15:30,48176.8
05-01-2021 15:30,48437.78
06-01-2021 15:30,48174.06
07-01-2021 15:30,48093.32
08-01-2021 15:30,48782.51
11-01-2021 15:30,49269.32
12-01-2021 15:30,49517.11
13-01-2021 15:30,49492.32
14-01-2021 15:30,49584.16
15-01-2021 15:30,49034.67
18-01-2021 15:30,48564.27
19-01-2021 15:30,49398.29
20-01-2021 15:30,49792.12
21-01-2021 15:30,49624.76
22-01-2021 15:30,48878.54
25-01-2021 15:30,48347.59
27-01-2021 15:30,47409.93
28-01-2021 15:30,46874.36
29-01-2021 15:30,46285.77
01-02-2021 15:30,48600.61
02-02-2021 15:30,49797.72
03-02-2021 15:30,50255.75
04-02-2021 15:30,50614.29
05-02-2021 15:30,50731.63
08-02-2021 15:30,51348.77
09-02-2021 15:30,51329.08
10-02-2021 15:30,51309.39
11-02-2021 15:30,51531.52
12-02-2021 15:30,51544.3
15-02-2021 15:30,52154.13
16-02-2021 15:30,52104.17
17-02-2021 15:30,51703.83
18-02-2021 15:30,51324.69
19-02-2021 15:30,50889.76
22-02-2021 15:30,49744.32
23-02-2021 15:30,49751.41
24-02-2021 15:30,50238.5
25-02-2021 15:30,51039.31
26-02-2021 15:30,49099.99
01-03-2021 15:30,49849.84
02-03-2021 15:30,50296.89
03-03-2021 15:30,51444.65
04-03-2021 15:30,50846.08
05-03-2021 15:30,50405.32
